               epoch,      train/box_loss,      train/obj_loss,      train/cls_loss,   metrics/precision,      metrics/recall,     metrics/mAP_0.5,metrics/mAP_0.5:0.95,        val/box_loss,        val/obj_loss,        val/cls_loss,               x/lr0,               x/lr1,               x/lr2
                   0,             0.10888,            0.035969,            0.045346,          0.00060386,              0.0625,          0.00039728,          3.9728e-05,            0.097895,            0.044291,            0.043984,              0.0901,              0.0011,              0.0011
                   1,            0.098581,            0.036671,            0.044497,          0.00043783,              0.0625,           0.0028294,          0.00075047,             0.09208,            0.046249,             0.04371,            0.079289,           0.0022886,           0.0022886
                   2,            0.088469,            0.035745,            0.043126,           0.0023656,              0.3125,           0.0081178,           0.0021643,            0.084988,            0.048719,            0.043228,            0.068465,           0.0034654,           0.0034654
                   3,            0.078667,            0.039155,            0.042066,           0.0024989,              0.3125,             0.15542,            0.057904,            0.078895,            0.049535,            0.042414,             0.05763,           0.0046302,           0.0046302
                   4,            0.072713,            0.037747,            0.040879,           0.0024468,              0.3125,            0.010908,           0.0039877,            0.076486,             0.04902,            0.042582,            0.046783,           0.0057832,           0.0057832
                   5,            0.071117,            0.041866,            0.040506,           0.0039398,                 0.5,             0.14418,             0.05203,            0.072275,            0.048123,            0.042612,            0.035924,           0.0069243,           0.0069243
                   6,            0.067886,            0.034397,            0.040115,           0.0040227,                 0.5,            0.060275,            0.031459,            0.077212,            0.042085,            0.042624,            0.025053,           0.0080535,           0.0080535
                   7,            0.066177,            0.031475,            0.039126,             0.47961,             0.11341,             0.13897,            0.095604,             0.06498,            0.045407,            0.042134,            0.014171,           0.0091708,           0.0091708
                   8,            0.062782,            0.031413,            0.039099,             0.24201,             0.26229,             0.19521,            0.056825,            0.059335,            0.044131,            0.041982,            0.009604,            0.009604,            0.009604
                   9,            0.056937,            0.034102,            0.038708,             0.31537,             0.41851,             0.31467,             0.15639,            0.056456,            0.042423,            0.041896,            0.009604,            0.009604,            0.009604
                  10,            0.055211,            0.031832,            0.038207,             0.21403,               0.375,             0.19322,            0.080797,             0.05485,            0.040835,            0.041588,           0.0095545,           0.0095545,           0.0095545
                  11,             0.05359,            0.031445,            0.036818,             0.23154,              0.4375,             0.18889,            0.058531,            0.060655,            0.037644,            0.039976,            0.009505,            0.009505,            0.009505
                  12,            0.055644,            0.026393,            0.035972,             0.18404,              0.4375,             0.29029,             0.12561,            0.051403,            0.038794,            0.038771,           0.0094555,           0.0094555,           0.0094555
                  13,            0.049129,            0.028043,            0.034669,             0.14861,                0.25,              0.2115,             0.12762,            0.054357,            0.037232,            0.038143,            0.009406,            0.009406,            0.009406
                  14,             0.05106,            0.025826,            0.034012,              0.1788,               0.375,             0.31067,               0.119,            0.048995,            0.033561,            0.038661,           0.0093565,           0.0093565,           0.0093565
                  15,            0.047291,            0.025025,            0.033319,              0.3049,             0.48887,             0.35662,             0.14159,            0.053427,            0.031493,            0.037252,            0.009307,            0.009307,            0.009307
                  16,             0.04869,            0.024963,            0.031834,             0.28335,               0.625,             0.43604,             0.20413,            0.048838,            0.030351,            0.034741,           0.0092575,           0.0092575,           0.0092575
                  17,            0.045455,            0.022882,            0.030606,             0.60484,             0.47715,             0.55777,             0.26923,            0.044369,            0.028789,            0.033171,            0.009208,            0.009208,            0.009208
                  18,            0.045382,            0.022534,            0.028916,             0.51439,             0.61554,             0.57426,             0.29211,            0.043208,            0.027884,            0.031554,           0.0091585,           0.0091585,           0.0091585
                  19,            0.044493,            0.020341,            0.026627,             0.42097,             0.74006,             0.53387,             0.23805,            0.043944,            0.026844,             0.02929,            0.009109,            0.009109,            0.009109
                  20,            0.043129,            0.020917,             0.02463,             0.48221,             0.53888,             0.58525,             0.23277,            0.046426,            0.025247,            0.028484,           0.0090595,           0.0090595,           0.0090595
                  21,            0.043008,            0.018153,            0.022686,             0.58826,              0.6744,             0.60969,             0.32447,            0.042982,            0.025145,            0.026037,             0.00901,             0.00901,             0.00901
                  22,            0.042455,            0.018791,            0.019829,             0.70043,             0.72375,             0.67413,             0.41337,            0.040935,             0.02439,            0.024855,           0.0089605,           0.0089605,           0.0089605
                  23,            0.043619,            0.018024,             0.01881,             0.88165,             0.71016,             0.79898,             0.33952,            0.045223,            0.023794,            0.022445,            0.008911,            0.008911,            0.008911
                  24,             0.04285,            0.018074,            0.017062,             0.82025,               0.625,             0.76083,             0.44672,            0.046746,            0.023292,            0.018123,           0.0088615,           0.0088615,           0.0088615
                  25,            0.043168,            0.017601,            0.014594,             0.63951,              0.8125,             0.71005,             0.29626,            0.049538,            0.022731,            0.016045,            0.008812,            0.008812,            0.008812
                  26,            0.043483,            0.017262,            0.013769,             0.85438,               0.752,             0.81728,             0.41125,            0.045586,            0.022763,            0.013268,           0.0087625,           0.0087625,           0.0087625
                  27,            0.042181,            0.016953,            0.011036,             0.76783,             0.79144,             0.77877,              0.4279,            0.051107,            0.021939,            0.012306,            0.008713,            0.008713,            0.008713
                  28,             0.04284,            0.017521,            0.010228,             0.82874,             0.80229,             0.83352,             0.46111,            0.043182,            0.022025,            0.011957,           0.0086635,           0.0086635,           0.0086635
                  29,            0.040984,            0.016198,           0.0096801,              0.7965,             0.77341,             0.71704,             0.44832,            0.046385,            0.021269,            0.011038,            0.008614,            0.008614,            0.008614
                  30,            0.039815,            0.014211,            0.009022,             0.85132,                0.75,             0.84772,             0.42418,            0.041258,            0.021279,            0.010828,           0.0085645,           0.0085645,           0.0085645
                  31,            0.039719,            0.016253,           0.0083998,             0.74439,              0.7414,             0.84375,             0.47762,            0.041191,            0.020698,             0.01201,            0.008515,            0.008515,            0.008515
                  32,            0.039443,             0.01603,           0.0074411,             0.91339,             0.72131,             0.86375,             0.48664,            0.038992,            0.021406,            0.013329,           0.0084655,           0.0084655,           0.0084655
                  33,            0.039592,            0.015195,           0.0073148,             0.80316,              0.7828,              0.8213,             0.46325,            0.041569,            0.020188,            0.011783,            0.008416,            0.008416,            0.008416
                  34,            0.038299,            0.014343,           0.0069138,             0.75717,             0.73128,               0.852,             0.47453,            0.038052,            0.020508,            0.011621,           0.0083665,           0.0083665,           0.0083665
                  35,            0.035405,            0.014302,           0.0062695,             0.92199,             0.78741,             0.82418,             0.36699,            0.043214,            0.019104,           0.0098682,            0.008317,            0.008317,            0.008317
                  36,            0.038753,            0.015353,           0.0062957,             0.83778,                0.75,             0.81515,             0.51616,            0.038073,             0.02011,           0.0084558,           0.0082675,           0.0082675,           0.0082675
                  37,            0.038012,            0.015393,           0.0057227,             0.93562,              0.8125,             0.81916,              0.4444,            0.042083,            0.019223,            0.007424,            0.008218,            0.008218,            0.008218
                  38,            0.036482,            0.013672,           0.0047762,             0.91651,              0.8125,             0.82599,             0.46904,            0.038659,            0.019855,           0.0064807,           0.0081685,           0.0081685,           0.0081685
                  39,            0.037236,            0.014165,           0.0047621,             0.87748,             0.80116,             0.81768,             0.44377,            0.040649,            0.019222,           0.0076846,            0.008119,            0.008119,            0.008119
                  40,            0.037031,             0.01381,            0.004968,             0.78491,             0.76131,             0.77705,             0.47832,            0.036197,            0.019756,            0.010582,           0.0080695,           0.0080695,           0.0080695
                  41,            0.035052,            0.014035,           0.0051841,             0.83833,                0.75,             0.75252,             0.43518,             0.04351,            0.018862,            0.015614,             0.00802,             0.00802,             0.00802
                  42,            0.034503,            0.012971,           0.0050698,              0.8411,             0.67643,             0.68462,             0.41795,            0.038172,            0.019307,            0.015243,           0.0079705,           0.0079705,           0.0079705
                  43,            0.033259,            0.012616,           0.0044109,             0.71541,             0.73419,             0.73517,             0.45012,            0.036645,            0.019139,             0.01269,            0.007921,            0.007921,            0.007921
                  44,            0.031441,            0.012105,           0.0050403,             0.82838,             0.80441,             0.77844,             0.46611,            0.039071,            0.018813,            0.006465,           0.0078715,           0.0078715,           0.0078715
                  45,            0.031132,            0.013584,           0.0052626,             0.81954,             0.80649,             0.83957,             0.49893,            0.034781,            0.018531,           0.0060116,            0.007822,            0.007822,            0.007822
                  46,            0.033478,            0.013766,           0.0045844,             0.89772,             0.80016,             0.81881,             0.52758,            0.043531,            0.017768,           0.0058276,           0.0077725,           0.0077725,           0.0077725
                  47,            0.032633,            0.012727,            0.004537,             0.88644,             0.79886,             0.83137,             0.62333,            0.033799,            0.018313,           0.0056749,            0.007723,            0.007723,            0.007723
                  48,             0.03097,             0.01168,           0.0040247,             0.76106,                0.75,             0.75968,             0.46372,            0.039195,            0.018297,           0.0053236,           0.0076735,           0.0076735,           0.0076735
                  49,            0.031459,            0.013183,           0.0036883,             0.87963,              0.8125,             0.81931,             0.51063,            0.038695,             0.01851,           0.0048738,            0.007624,            0.007624,            0.007624
                  50,            0.032923,            0.012033,           0.0039203,             0.91575,             0.78204,             0.81607,             0.65923,            0.032956,            0.019371,           0.0050664,           0.0075745,           0.0075745,           0.0075745
                  51,            0.031516,            0.012846,           0.0038169,             0.93035,             0.77567,             0.81639,             0.53664,            0.038761,             0.01899,           0.0053602,            0.007525,            0.007525,            0.007525
                  52,            0.030592,            0.012641,           0.0036207,             0.80449,              0.8125,             0.76667,             0.52909,            0.035987,            0.017784,            0.005114,           0.0074755,           0.0074755,           0.0074755
                  53,            0.031976,            0.012095,           0.0038859,             0.94267,              0.8125,             0.82111,             0.54977,            0.036657,            0.017581,           0.0049967,            0.007426,            0.007426,            0.007426
                  54,            0.030761,            0.012876,           0.0036894,             0.88944,             0.81165,             0.78493,             0.51474,            0.036611,            0.018209,           0.0044914,           0.0073765,           0.0073765,           0.0073765
                  55,            0.031298,            0.011552,           0.0034184,              0.8628,              0.8125,              0.8195,             0.45188,            0.041143,            0.017665,           0.0044256,            0.007327,            0.007327,            0.007327
                  56,            0.030833,            0.012555,           0.0038223,             0.94147,              0.8125,             0.81747,             0.62139,            0.033324,            0.017884,           0.0040783,           0.0072775,           0.0072775,           0.0072775
                  57,            0.030045,            0.011815,           0.0032104,             0.94777,              0.8125,             0.81404,             0.52771,            0.040057,            0.017378,            0.004094,            0.007228,            0.007228,            0.007228
                  58,             0.03078,            0.012644,           0.0034675,             0.92078,              0.8125,             0.80996,             0.58063,            0.036154,            0.017782,           0.0043098,           0.0071785,           0.0071785,           0.0071785
                  59,            0.029135,            0.011998,           0.0035636,             0.87692,              0.8125,             0.81252,              0.4785,            0.041441,            0.017484,            0.004287,            0.007129,            0.007129,            0.007129
                  60,            0.029361,             0.01211,           0.0029775,             0.96324,              0.8125,             0.81413,             0.56551,            0.033376,            0.017311,           0.0048833,           0.0070795,           0.0070795,           0.0070795
                  61,            0.029352,            0.011661,           0.0035207,             0.97117,              0.8125,             0.81649,             0.44097,            0.040409,            0.017317,           0.0043304,             0.00703,             0.00703,             0.00703
                  62,            0.029794,            0.011073,           0.0034758,             0.95846,              0.8125,             0.82044,             0.50369,            0.033834,            0.018172,           0.0039138,           0.0069805,           0.0069805,           0.0069805
                  63,            0.028376,            0.011149,           0.0028686,             0.94833,              0.8125,             0.81821,             0.48862,            0.039061,             0.01796,           0.0038866,            0.006931,            0.006931,            0.006931
                  64,            0.029079,            0.011167,           0.0029951,             0.96036,              0.8125,             0.81811,             0.53118,            0.034236,            0.018035,           0.0035846,           0.0068815,           0.0068815,           0.0068815
                  65,            0.027494,            0.010974,           0.0030093,             0.96151,              0.8125,             0.82354,             0.51403,            0.038347,            0.017662,           0.0035714,            0.006832,            0.006832,            0.006832
                  66,            0.028089,             0.01099,           0.0027558,             0.96093,              0.8125,              0.8254,             0.58828,            0.032794,            0.017723,           0.0032017,           0.0067825,           0.0067825,           0.0067825
                  67,            0.028517,            0.010367,           0.0033075,             0.94862,              0.8125,             0.82545,             0.55602,            0.035875,            0.017523,           0.0032161,            0.006733,            0.006733,            0.006733
                  68,            0.027969,            0.010752,           0.0024727,             0.95858,              0.8125,             0.85913,             0.55492,            0.034928,            0.018089,           0.0033581,           0.0066835,           0.0066835,           0.0066835
                  69,            0.026788,            0.011355,           0.0026098,             0.95819,              0.8125,             0.82223,             0.55456,            0.037583,            0.017275,           0.0034812,            0.006634,            0.006634,            0.006634
                  70,            0.027952,            0.010395,           0.0023906,             0.95679,             0.86406,             0.93389,              0.5591,            0.032793,            0.016729,            0.003317,           0.0065845,           0.0065845,           0.0065845
                  71,            0.026873,            0.010836,            0.002735,             0.95502,             0.86012,               0.934,             0.53351,            0.036088,             0.01646,           0.0035765,            0.006535,            0.006535,            0.006535
                  72,            0.026996,            0.011536,           0.0028441,             0.96769,             0.84751,             0.93405,             0.64582,            0.028989,            0.016729,           0.0038272,           0.0064855,           0.0064855,           0.0064855
                  73,            0.026978,            0.010712,           0.0029965,              0.9592,              0.8125,              0.8196,             0.54237,              0.0347,            0.016627,           0.0044243,            0.006436,            0.006436,            0.006436
                  74,            0.026535,            0.010705,           0.0022766,             0.95968,              0.8125,             0.81886,             0.56338,            0.031207,            0.016983,           0.0039139,           0.0063865,           0.0063865,           0.0063865
                  75,            0.025177,            0.010385,           0.0024555,              0.9598,              0.8125,              0.8225,             0.51691,            0.035488,            0.016338,           0.0037447,            0.006337,            0.006337,            0.006337
                  76,            0.025665,            0.011109,           0.0024645,             0.97621,             0.84181,             0.93462,             0.60057,            0.029664,            0.016523,           0.0032821,           0.0062875,           0.0062875,           0.0062875
                  77,            0.025893,           0.0094599,           0.0027982,             0.95627,              0.8125,             0.82433,             0.51651,            0.035755,            0.016236,           0.0031163,            0.006238,            0.006238,            0.006238
                  78,            0.025729,           0.0099465,           0.0025694,             0.97737,             0.84232,             0.93477,             0.63653,            0.029003,            0.016219,           0.0030042,           0.0061885,           0.0061885,           0.0061885
                  79,            0.024961,           0.0098378,           0.0024455,             0.95698,              0.8125,             0.81994,             0.55372,            0.035963,            0.016355,           0.0033506,            0.006139,            0.006139,            0.006139
                  80,            0.024834,            0.010212,           0.0025593,             0.94838,              0.8125,             0.82902,             0.61572,            0.030432,            0.016399,           0.0030643,           0.0060895,           0.0060895,           0.0060895
                  81,            0.024305,           0.0099977,           0.0030057,             0.94534,              0.8125,             0.82369,             0.54516,            0.036944,            0.016256,           0.0030536,             0.00604,             0.00604,             0.00604
                  82,            0.024951,            0.010076,           0.0022375,             0.95337,              0.8125,             0.81431,             0.61123,            0.031167,            0.016574,           0.0031984,           0.0059905,           0.0059905,           0.0059905
                  83,             0.02441,            0.010154,           0.0029053,             0.95264,              0.8125,             0.81155,             0.47591,            0.037381,            0.016453,            0.003461,            0.005941,            0.005941,            0.005941
                  84,            0.023773,            0.010167,           0.0022521,              0.9559,              0.8125,             0.82576,             0.56243,            0.032256,            0.016895,           0.0029892,           0.0058915,           0.0058915,           0.0058915
                  85,            0.023746,            0.010279,            0.002684,             0.95791,              0.8125,             0.81512,              0.5457,            0.035264,            0.016828,           0.0028545,            0.005842,            0.005842,            0.005842
                  86,            0.024525,            0.010432,           0.0020525,             0.96489,              0.8125,             0.82574,             0.56096,            0.031345,             0.01735,           0.0027855,           0.0057925,           0.0057925,           0.0057925
                  87,             0.02426,           0.0093314,           0.0023256,             0.96322,              0.8125,             0.81768,             0.53068,            0.033603,             0.01719,           0.0026662,            0.005743,            0.005743,            0.005743
                  88,            0.023442,            0.010365,           0.0022508,             0.96374,              0.8125,             0.83027,             0.60216,            0.032007,            0.017172,           0.0024945,           0.0056935,           0.0056935,           0.0056935
                  89,            0.024282,            0.009905,           0.0023203,             0.96824,              0.8125,              0.8176,             0.54539,            0.034638,            0.016705,           0.0025436,            0.005644,            0.005644,            0.005644
                  90,            0.023455,           0.0099107,           0.0021593,             0.96129,              0.8125,             0.81955,             0.54186,            0.033442,            0.016864,           0.0026843,           0.0055945,           0.0055945,           0.0055945
                  91,            0.023718,            0.010372,           0.0022133,             0.96117,              0.8125,             0.81177,             0.54153,            0.034468,             0.01623,           0.0027234,            0.005545,            0.005545,            0.005545
                  92,             0.02357,            0.009729,           0.0021957,             0.96411,              0.8125,             0.82535,              0.6251,            0.029521,            0.016101,           0.0027159,           0.0054955,           0.0054955,           0.0054955
                  93,            0.022643,           0.0092927,           0.0021991,             0.95698,              0.8125,             0.81251,             0.61637,            0.032933,            0.016051,           0.0029593,            0.005446,            0.005446,            0.005446
                  94,            0.022663,           0.0097801,           0.0020726,             0.95742,              0.8125,             0.82108,              0.5943,            0.033071,            0.016155,           0.0027366,           0.0053965,           0.0053965,           0.0053965
                  95,            0.022572,           0.0088652,           0.0022931,             0.95309,              0.8125,             0.82402,             0.61309,            0.032121,            0.015282,           0.0024591,            0.005347,            0.005347,            0.005347
                  96,            0.022926,           0.0088985,           0.0020859,             0.96268,              0.8125,             0.82366,             0.59929,            0.033903,            0.015464,            0.002461,           0.0052975,           0.0052975,           0.0052975
                  97,            0.022724,           0.0098954,           0.0020828,             0.96532,              0.8125,             0.82649,             0.63735,            0.032496,            0.015645,           0.0026023,            0.005248,            0.005248,            0.005248
                  98,            0.021311,           0.0085048,            0.002086,             0.94833,             0.81073,             0.82402,              0.5407,             0.03605,             0.01617,           0.0028254,           0.0051985,           0.0051985,           0.0051985
                  99,            0.022625,           0.0094615,           0.0018837,             0.95465,              0.8125,             0.82583,             0.58256,            0.033899,            0.015548,           0.0028401,            0.005149,            0.005149,            0.005149
                 100,            0.022027,           0.0093687,           0.0018842,              0.9508,              0.8125,             0.82643,             0.55015,            0.031954,             0.01545,           0.0027139,           0.0050995,           0.0050995,           0.0050995
                 101,            0.022697,            0.010149,           0.0017863,             0.95569,              0.8125,             0.82516,             0.56782,            0.036469,            0.015492,           0.0024009,             0.00505,             0.00505,             0.00505
                 102,            0.022133,           0.0084017,           0.0019443,             0.95137,              0.8125,             0.83092,             0.63038,             0.02927,            0.015765,           0.0022227,           0.0050005,           0.0050005,           0.0050005
                 103,            0.021866,           0.0091817,           0.0020343,               0.944,              0.8125,             0.83607,             0.61621,            0.032346,            0.015712,           0.0022217,            0.004951,            0.004951,            0.004951
                 104,            0.021867,           0.0096027,           0.0016944,             0.94283,              0.8125,             0.84083,             0.63632,            0.029129,            0.015989,           0.0021523,           0.0049015,           0.0049015,           0.0049015
                 105,            0.021114,            0.008887,           0.0020741,             0.94224,              0.8125,             0.84098,             0.58413,            0.033094,            0.016143,           0.0021249,            0.004852,            0.004852,            0.004852
                 106,            0.021366,           0.0092689,           0.0017222,             0.94871,              0.8125,             0.83691,             0.65664,            0.028373,            0.016102,           0.0021091,           0.0048025,           0.0048025,           0.0048025
                 107,            0.021626,           0.0089051,            0.001912,             0.95404,              0.8125,             0.82779,              0.5733,            0.032153,             0.01603,           0.0021054,            0.004753,            0.004753,            0.004753
                 108,            0.020518,           0.0093901,           0.0016387,             0.95262,              0.8125,             0.82434,             0.62177,             0.02765,            0.016083,            0.002038,           0.0047035,           0.0047035,           0.0047035
                 109,            0.020475,           0.0083929,           0.0016871,             0.96224,              0.8125,             0.82535,             0.58812,            0.033131,            0.015899,           0.0020717,            0.004654,            0.004654,            0.004654
                 110,            0.021921,           0.0088823,           0.0016751,             0.96358,              0.8125,             0.82514,             0.67612,            0.028568,            0.015933,           0.0020688,           0.0046045,           0.0046045,           0.0046045
                 111,            0.020907,           0.0097509,           0.0018141,             0.96002,              0.8125,             0.82569,              0.6178,            0.030466,            0.015462,           0.0021361,            0.004555,            0.004555,            0.004555
                 112,            0.020565,           0.0090494,           0.0017376,             0.95731,              0.8125,             0.82765,             0.60911,            0.029836,            0.015653,           0.0021331,           0.0045055,           0.0045055,           0.0045055
                 113,            0.020369,           0.0091803,           0.0019671,             0.95624,              0.8125,             0.82721,             0.63051,             0.03042,            0.015063,           0.0021574,            0.004456,            0.004456,            0.004456
                 114,            0.020709,           0.0096679,           0.0018076,             0.95191,              0.8125,             0.82695,             0.62219,            0.029524,            0.015594,           0.0020795,           0.0044065,           0.0044065,           0.0044065
                 115,            0.019643,           0.0092722,            0.001721,             0.95237,              0.8125,             0.82617,             0.62771,            0.030894,             0.01524,            0.002101,            0.004357,            0.004357,            0.004357
                 116,            0.019796,           0.0095418,           0.0018243,             0.96047,              0.8125,             0.82742,             0.68208,            0.029024,            0.015246,           0.0021354,           0.0043075,           0.0043075,           0.0043075
                 117,            0.019523,           0.0088702,           0.0014765,             0.96188,              0.8125,             0.82499,             0.57634,            0.031806,            0.015637,           0.0021996,            0.004258,            0.004258,            0.004258
                 118,            0.019608,           0.0089477,           0.0016329,              0.9591,              0.8125,             0.82649,             0.63616,             0.02953,            0.015732,           0.0023804,           0.0042085,           0.0042085,           0.0042085
                 119,            0.019216,           0.0083059,           0.0015951,             0.95569,              0.8125,             0.82872,             0.64562,            0.028683,            0.015477,           0.0024437,            0.004159,            0.004159,            0.004159
                 120,            0.019042,           0.0094925,           0.0016479,             0.95762,              0.8125,             0.82861,             0.60944,            0.029713,            0.015785,           0.0023854,           0.0041095,           0.0041095,           0.0041095
                 121,            0.019047,           0.0080494,           0.0017207,             0.94738,              0.8125,             0.82872,             0.66903,            0.026352,            0.015317,            0.002449,             0.00406,             0.00406,             0.00406
                 122,            0.018585,           0.0082495,            0.001693,             0.94922,              0.8125,             0.82861,             0.63792,            0.028072,            0.015469,           0.0025652,           0.0040105,           0.0040105,           0.0040105
                 123,            0.019196,            0.009248,           0.0015504,             0.95186,              0.8125,             0.82872,             0.66438,            0.026004,            0.015544,           0.0023812,            0.003961,            0.003961,            0.003961
                 124,            0.018801,           0.0081904,           0.0017451,             0.94541,              0.8125,             0.83635,             0.63883,            0.027822,            0.016066,           0.0022946,           0.0039115,           0.0039115,           0.0039115
                 125,            0.018713,           0.0085145,           0.0013674,             0.94296,              0.8125,             0.83715,             0.57271,            0.029498,            0.016006,           0.0022365,            0.003862,            0.003862,            0.003862
                 126,            0.018356,           0.0090199,           0.0015742,             0.95105,              0.8125,             0.83536,             0.63688,            0.028717,            0.015731,           0.0021379,           0.0038125,           0.0038125,           0.0038125
                 127,             0.01846,            0.008833,           0.0015602,              0.9571,              0.8125,             0.83279,             0.63565,            0.027635,            0.015674,           0.0020825,            0.003763,            0.003763,            0.003763
                 128,            0.018298,            0.008652,           0.0017692,             0.96571,              0.8125,             0.82731,             0.62821,            0.027936,            0.015603,           0.0020326,           0.0037135,           0.0037135,           0.0037135
                 129,            0.017062,           0.0086572,           0.0013642,             0.96941,              0.8125,             0.82637,             0.62617,             0.02934,            0.015511,            0.002029,            0.003664,            0.003664,            0.003664
                 130,             0.01815,           0.0072589,           0.0016823,             0.96877,              0.8125,             0.82348,             0.64898,            0.028579,            0.015425,           0.0020116,           0.0036145,           0.0036145,           0.0036145
                 131,            0.018614,           0.0085175,           0.0016751,             0.97162,              0.8125,              0.8238,              0.6154,            0.031124,            0.015411,           0.0019697,            0.003565,            0.003565,            0.003565
                 132,            0.017347,           0.0074126,           0.0012953,             0.97118,              0.8125,             0.82456,             0.61094,            0.028799,            0.015357,           0.0018845,           0.0035155,           0.0035155,           0.0035155
                 133,             0.01795,            0.009305,           0.0013134,             0.97368,              0.8125,             0.82611,             0.61958,            0.030324,            0.015547,           0.0018588,            0.003466,            0.003466,            0.003466
                 134,            0.018031,           0.0086297,           0.0013247,             0.97259,              0.8125,             0.82736,             0.61234,            0.028114,            0.015533,           0.0018142,           0.0034165,           0.0034165,           0.0034165
                 135,            0.017463,           0.0079507,           0.0012154,             0.97288,              0.8125,             0.82807,             0.61747,            0.030666,            0.015762,           0.0018402,            0.003367,            0.003367,            0.003367
                 136,            0.016858,           0.0077105,           0.0012589,             0.96943,              0.8125,             0.83079,             0.64551,            0.027241,            0.015815,           0.0019273,           0.0033175,           0.0033175,           0.0033175
                 137,            0.017507,             0.00811,           0.0013335,             0.95822,              0.8125,             0.83079,             0.63097,            0.029668,            0.015828,           0.0020873,            0.003268,            0.003268,            0.003268
                 138,            0.017156,           0.0080165,           0.0012615,             0.93424,             0.80357,             0.83934,             0.62311,             0.02941,            0.015975,           0.0022473,           0.0032185,           0.0032185,           0.0032185
                 139,             0.01611,           0.0083451,           0.0014472,             0.92004,             0.79675,             0.84299,             0.59773,            0.030881,            0.016014,           0.0023919,            0.003169,            0.003169,            0.003169
                 140,            0.016854,           0.0084315,           0.0012253,             0.92553,             0.79917,             0.84786,             0.63983,            0.028774,            0.015644,           0.0023666,           0.0031195,           0.0031195,           0.0031195
                 141,            0.016639,           0.0083784,           0.0012889,             0.92951,             0.79691,             0.83918,             0.63186,            0.029761,            0.015429,           0.0025237,             0.00307,             0.00307,             0.00307
                 142,             0.01689,           0.0074864,           0.0012054,             0.95212,              0.8125,             0.83021,             0.62578,            0.028854,            0.015128,           0.0023285,           0.0030205,           0.0030205,           0.0030205
                 143,            0.017019,           0.0091329,           0.0013666,             0.95859,              0.8125,             0.82942,             0.63143,            0.029294,             0.01523,           0.0022089,            0.002971,            0.002971,            0.002971
                 144,            0.016524,           0.0081165,           0.0015209,             0.96174,              0.8125,             0.82841,             0.63223,            0.027737,            0.015234,           0.0021369,           0.0029215,           0.0029215,           0.0029215
                 145,            0.016836,            0.007434,           0.0012009,             0.96581,              0.8125,             0.82823,              0.6537,             0.02884,             0.01538,           0.0020528,            0.002872,            0.002872,            0.002872
                 146,            0.016281,           0.0078401,           0.0013305,             0.96745,              0.8125,             0.82792,             0.66415,            0.026435,            0.015046,           0.0020375,           0.0028225,           0.0028225,           0.0028225
                 147,            0.016213,           0.0082937,           0.0011706,             0.96866,              0.8125,             0.82807,             0.63765,             0.02977,            0.015403,           0.0020623,            0.002773,            0.002773,            0.002773
                 148,             0.01605,           0.0077816,           0.0013725,             0.97045,              0.8125,             0.82807,             0.63382,            0.028756,            0.015131,           0.0020188,           0.0027235,           0.0027235,           0.0027235
                 149,            0.015296,           0.0072849,           0.0011338,             0.97057,              0.8125,             0.82719,             0.63658,            0.030903,             0.01565,           0.0019852,            0.002674,            0.002674,            0.002674
                 150,            0.015337,           0.0082376,           0.0011673,             0.97176,              0.8125,             0.82661,             0.60351,            0.030437,            0.015517,           0.0019278,           0.0026245,           0.0026245,           0.0026245
                 151,            0.015375,            0.007863,          0.00097555,             0.97185,              0.8125,             0.82596,             0.64039,            0.028182,            0.015575,           0.0018399,            0.002575,            0.002575,            0.002575
                 152,            0.015549,           0.0084498,          0.00099115,             0.97208,              0.8125,             0.82487,             0.63213,            0.030728,            0.015551,           0.0018057,           0.0025255,           0.0025255,           0.0025255
                 153,            0.015588,           0.0079464,          0.00095239,             0.97111,              0.8125,             0.82427,             0.65473,            0.028741,            0.015329,           0.0017881,            0.002476,            0.002476,            0.002476
                 154,            0.014847,           0.0080448,          0.00099453,             0.97253,              0.8125,             0.82289,             0.62145,            0.030175,            0.015578,           0.0018147,           0.0024265,           0.0024265,           0.0024265
                 155,             0.01504,           0.0076099,           0.0010825,             0.97091,              0.8125,             0.82315,             0.65193,            0.028424,            0.015591,            0.001858,            0.002377,            0.002377,            0.002377
                 156,            0.015127,           0.0071926,           0.0010765,             0.96861,              0.8125,             0.82315,             0.60286,            0.030381,            0.015712,           0.0018594,           0.0023275,           0.0023275,           0.0023275
                 157,             0.01549,           0.0076278,          0.00097871,             0.96982,              0.8125,             0.82456,             0.65029,            0.028469,            0.015578,           0.0018134,            0.002278,            0.002278,            0.002278
                 158,            0.014996,           0.0074245,            0.001371,             0.97198,              0.8125,             0.82441,             0.65468,            0.029287,            0.015431,           0.0017832,           0.0022285,           0.0022285,           0.0022285
                 159,            0.014609,           0.0072824,          0.00084035,             0.97072,              0.8125,             0.82611,             0.66269,            0.028644,            0.015401,           0.0017376,            0.002179,            0.002179,            0.002179
                 160,            0.014488,           0.0076344,          0.00092089,             0.97306,              0.8125,             0.82475,             0.62948,            0.029904,            0.015532,           0.0017564,           0.0021295,           0.0021295,           0.0021295
                 161,            0.014415,           0.0070113,          0.00099537,             0.97485,              0.8125,             0.82441,             0.65831,            0.028739,             0.01548,           0.0017326,             0.00208,             0.00208,             0.00208
                 162,            0.014634,             0.00734,          0.00089972,             0.97534,              0.8125,             0.82289,             0.62844,            0.030522,            0.015411,           0.0017107,           0.0020305,           0.0020305,           0.0020305
                 163,            0.014796,           0.0082033,           0.0009491,             0.97513,              0.8125,             0.82247,             0.60069,            0.029584,            0.015462,            0.001734,            0.001981,            0.001981,            0.001981
                 164,            0.014215,           0.0068854,           0.0011312,             0.97515,              0.8125,             0.81433,             0.62914,            0.030037,            0.015438,           0.0017618,           0.0019315,           0.0019315,           0.0019315
                 165,            0.014348,           0.0070407,           0.0008541,             0.97519,              0.8125,              0.8296,             0.64833,            0.028336,            0.015445,           0.0017596,            0.001882,            0.001882,            0.001882
                 166,            0.014234,           0.0074386,          0.00083383,             0.97655,              0.8125,              0.8296,             0.65709,            0.029251,            0.015725,           0.0017872,           0.0018325,           0.0018325,           0.0018325
                 167,            0.014618,           0.0075041,          0.00096229,             0.97618,              0.8125,             0.82807,             0.66567,            0.028365,            0.015802,           0.0016878,            0.001783,            0.001783,            0.001783
                 168,            0.014595,           0.0074737,           0.0010718,             0.97668,              0.8125,             0.82649,             0.66466,            0.028643,            0.015756,           0.0015581,           0.0017335,           0.0017335,           0.0017335
                 169,            0.013529,           0.0074317,          0.00076497,             0.97703,              0.8125,             0.82487,             0.65503,            0.029644,            0.015842,           0.0014866,            0.001684,            0.001684,            0.001684
                 170,             0.01341,           0.0073323,          0.00081404,             0.97663,              0.8125,             0.82649,              0.6343,            0.029233,            0.015759,           0.0014709,           0.0016345,           0.0016345,           0.0016345
                 171,             0.01373,           0.0079652,          0.00081176,             0.97657,              0.8125,             0.82719,             0.67604,            0.027578,            0.015608,           0.0014473,            0.001585,            0.001585,            0.001585
                 172,            0.013656,           0.0071117,           0.0010677,             0.97682,              0.8125,             0.82736,             0.65616,            0.027751,            0.015567,           0.0014179,           0.0015355,           0.0015355,           0.0015355
                 173,            0.013369,           0.0069691,          0.00078557,             0.97612,              0.8125,             0.82719,             0.65695,            0.028646,            0.015946,           0.0013884,            0.001486,            0.001486,            0.001486
                 174,            0.013386,           0.0078068,          0.00074746,             0.97556,              0.8125,             0.82674,             0.65659,            0.028562,            0.015964,           0.0013646,           0.0014365,           0.0014365,           0.0014365
                 175,            0.013073,           0.0077305,          0.00086093,             0.97532,              0.8125,             0.82703,             0.66007,             0.02863,            0.016244,           0.0013609,            0.001387,            0.001387,            0.001387
                 176,            0.012817,           0.0072049,          0.00091586,             0.97518,              0.8125,             0.82942,             0.67228,             0.02759,            0.016009,           0.0013391,           0.0013375,           0.0013375,           0.0013375
                 177,            0.013287,           0.0074563,          0.00078229,             0.97501,              0.8125,             0.82979,             0.66922,            0.028317,            0.015876,           0.0013317,            0.001288,            0.001288,            0.001288
                 178,            0.013044,           0.0080544,          0.00077292,             0.97517,              0.8125,              0.8296,             0.66867,            0.028307,            0.015678,           0.0013297,           0.0012385,           0.0012385,           0.0012385
                 179,            0.012594,           0.0067586,          0.00067516,             0.97462,              0.8125,             0.83097,              0.6695,            0.027741,            0.015439,            0.001324,            0.001189,            0.001189,            0.001189
                 180,            0.012946,           0.0074134,          0.00075186,              0.9744,              0.8125,             0.83137,             0.64642,            0.028814,            0.015513,           0.0013298,           0.0011395,           0.0011395,           0.0011395
                 181,            0.013071,           0.0078737,          0.00098322,             0.97387,              0.8125,             0.83161,             0.66832,            0.027904,            0.015302,           0.0013549,             0.00109,             0.00109,             0.00109
                 182,            0.012576,           0.0071706,          0.00083925,               0.973,              0.8125,              0.8154,             0.64331,            0.027946,            0.015305,           0.0013467,           0.0010405,           0.0010405,           0.0010405
                 183,            0.012003,           0.0060615,          0.00064112,             0.97209,              0.8125,             0.81483,             0.65103,            0.027408,            0.015374,           0.0013404,            0.000991,            0.000991,            0.000991
                 184,            0.012344,           0.0068596,           0.0008557,             0.97224,              0.8125,             0.82384,             0.67215,            0.026498,            0.015389,           0.0013382,           0.0009415,           0.0009415,           0.0009415
                 185,            0.012373,           0.0067775,          0.00059446,             0.97259,              0.8125,             0.82406,             0.66108,            0.027909,            0.015629,           0.0013121,            0.000892,            0.000892,            0.000892
                 186,             0.01272,            0.007092,          0.00094185,             0.97285,              0.8125,              0.8239,             0.64619,            0.027558,            0.015594,           0.0012557,           0.0008425,           0.0008425,           0.0008425
                 187,            0.013247,           0.0072628,          0.00073807,             0.97325,              0.8125,             0.82375,              0.6653,            0.027531,            0.015752,           0.0012578,            0.000793,            0.000793,            0.000793
                 188,            0.011629,           0.0062473,          0.00065794,              0.9744,              0.8125,             0.81492,               0.667,            0.027398,            0.015745,            0.001253,           0.0007435,           0.0007435,           0.0007435
                 189,            0.011711,           0.0066789,          0.00067821,             0.97502,              0.8125,             0.82926,             0.66341,            0.027861,            0.015874,           0.0012841,            0.000694,            0.000694,            0.000694
                 190,            0.011848,           0.0072726,          0.00065901,             0.97546,              0.8125,             0.82926,             0.65665,            0.027049,            0.015797,           0.0012774,           0.0006445,           0.0006445,           0.0006445
                 191,             0.01172,            0.006462,           0.0010957,             0.97598,              0.8125,             0.82979,             0.66752,            0.027371,            0.015857,           0.0012105,            0.000595,            0.000595,            0.000595
                 192,            0.011707,           0.0064217,          0.00078038,             0.97602,              0.8125,             0.82942,              0.6819,             0.02687,              0.0157,           0.0011556,           0.0005455,           0.0005455,           0.0005455
                 193,            0.011967,           0.0073634,          0.00055564,             0.97572,              0.8125,             0.82926,             0.67567,            0.027433,            0.015804,           0.0011378,            0.000496,            0.000496,            0.000496
                 194,             0.01208,           0.0073653,          0.00065442,              0.9755,              0.8125,             0.81444,             0.66632,            0.027527,            0.015702,           0.0011204,           0.0004465,           0.0004465,           0.0004465
                 195,            0.011938,             0.00681,          0.00056942,             0.97552,              0.8125,              0.8146,             0.67297,            0.027293,            0.015719,           0.0010904,            0.000397,            0.000397,            0.000397
                 196,            0.011842,           0.0064816,          0.00081308,             0.97543,              0.8125,             0.82926,             0.65892,            0.027274,            0.015687,            0.001086,           0.0003475,           0.0003475,           0.0003475
                 197,            0.011594,           0.0069635,          0.00060877,             0.97535,              0.8125,             0.82942,             0.65246,             0.02793,            0.015717,           0.0010841,            0.000298,            0.000298,            0.000298
                 198,            0.011171,           0.0069843,          0.00078286,             0.97534,              0.8125,             0.82926,             0.65241,            0.027805,            0.015666,           0.0010715,           0.0002485,           0.0002485,           0.0002485
                 199,            0.011673,           0.0064397,          0.00052438,             0.97532,              0.8125,             0.81429,             0.66608,            0.027324,            0.015521,           0.0010649,            0.000199,            0.000199,            0.000199
